month,town,predicted_transaction_count
2025-06-01,JURONG EAST,21.46
2025-07-01,JURONG EAST,26.83
2025-08-01,JURONG EAST,32.38
2025-09-01,JURONG EAST,23.87
2025-10-01,JURONG EAST,27.08
2025-11-01,JURONG EAST,24.84
2025-12-01,JURONG EAST,23.96
2025-06-01,WOODLANDS,70.68
2025-07-01,WOODLANDS,75.12
2025-08-01,WOODLANDS,78.19
2025-09-01,WOODLANDS,65.32
2025-10-01,WOODLANDS,62.33
2025-11-01,WOODLANDS,60.62
2025-12-01,WOODLANDS,58.95
2025-06-01,TOA PAYOH,32.7
2025-07-01,TOA PAYOH,34.74
2025-08-01,TOA PAYOH,43.07
2025-09-01,TOA PAYOH,30.59
2025-10-01,TOA PAYOH,30.43
2025-11-01,TOA PAYOH,28.06
2025-12-01,TOA PAYOH,29.38
2025-06-01,TAMPINES,92.29
2025-07-01,TAMPINES,92.63
2025-08-01,TAMPINES,73.62
2025-09-01,TAMPINES,71.52
2025-10-01,TAMPINES,72.19
2025-11-01,TAMPINES,63.29
2025-12-01,TAMPINES,69.94
2025-06-01,SERANGOON,22.79
2025-07-01,SERANGOON,26.15
2025-08-01,SERANGOON,24.71
2025-09-01,SERANGOON,24.82
2025-10-01,SERANGOON,19.35
2025-11-01,SERANGOON,18.87
2025-12-01,SERANGOON,22.62
2025-06-01,QUEENSTOWN,22.09
2025-07-01,QUEENSTOWN,34.98
2025-08-01,QUEENSTOWN,29.51
2025-09-01,QUEENSTOWN,28.85
2025-10-01,QUEENSTOWN,24.38
2025-11-01,QUEENSTOWN,27.35
2025-12-01,QUEENSTOWN,24.06
2025-06-01,MARINE PARADE,4.22
2025-07-01,MARINE PARADE,6.5
2025-08-01,MARINE PARADE,9.0
2025-09-01,MARINE PARADE,6.67
2025-10-01,MARINE PARADE,5.78
2025-11-01,MARINE PARADE,5.82
2025-12-01,MARINE PARADE,8.48
2025-06-01,KALLANG/WHAMPOA,26.3
2025-07-01,KALLANG/WHAMPOA,37.02
2025-08-01,KALLANG/WHAMPOA,35.71
2025-09-01,KALLANG/WHAMPOA,39.18
2025-10-01,KALLANG/WHAMPOA,30.09
2025-11-01,KALLANG/WHAMPOA,25.26
2025-12-01,KALLANG/WHAMPOA,28.52
2025-06-01,JURONG WEST,69.98
2025-07-01,JURONG WEST,69.39
2025-08-01,JURONG WEST,72.37
2025-09-01,JURONG WEST,60.53
2025-10-01,JURONG WEST,61.33
2025-11-01,JURONG WEST,58.29
2025-12-01,JURONG WEST,59.13
2025-06-01,YISHUN,70.51
2025-07-01,YISHUN,76.41
2025-08-01,YISHUN,70.25
2025-09-01,YISHUN,61.04
2025-10-01,YISHUN,58.13
2025-11-01,YISHUN,60.35
2025-12-01,YISHUN,58.83
2025-06-01,HOUGANG,53.51
2025-07-01,HOUGANG,53.48
2025-08-01,HOUGANG,58.85
2025-09-01,HOUGANG,49.58
2025-10-01,HOUGANG,42.2
2025-11-01,HOUGANG,49.03
2025-12-01,HOUGANG,40.38
2025-06-01,CLEMENTI,23.97
2025-07-01,CLEMENTI,30.19
2025-08-01,CLEMENTI,27.18
2025-09-01,CLEMENTI,22.95
2025-10-01,CLEMENTI,22.93
2025-11-01,CLEMENTI,21.03
2025-12-01,CLEMENTI,21.64
2025-06-01,CHOA CHU KANG,44.77
2025-07-01,CHOA CHU KANG,44.97
2025-08-01,CHOA CHU KANG,41.13
2025-09-01,CHOA CHU KANG,39.61
2025-10-01,CHOA CHU KANG,32.66
2025-11-01,CHOA CHU KANG,38.86
2025-12-01,CHOA CHU KANG,31.71
2025-06-01,CENTRAL AREA,7.85
2025-07-01,CENTRAL AREA,5.28
2025-08-01,CENTRAL AREA,5.88
2025-09-01,CENTRAL AREA,4.46
2025-10-01,CENTRAL AREA,3.35
2025-11-01,CENTRAL AREA,2.01
2025-12-01,CENTRAL AREA,6.25
2025-06-01,BUKIT MERAH,29.58
2025-07-01,BUKIT MERAH,35.93
2025-08-01,BUKIT MERAH,36.79
2025-09-01,BUKIT MERAH,30.69
2025-10-01,BUKIT MERAH,30.7
2025-11-01,BUKIT MERAH,29.97
2025-12-01,BUKIT MERAH,32.0
2025-06-01,BUKIT BATOK,43.98
2025-07-01,BUKIT BATOK,56.3
2025-08-01,BUKIT BATOK,53.04
2025-09-01,BUKIT BATOK,49.06
2025-10-01,BUKIT BATOK,50.49
2025-11-01,BUKIT BATOK,44.9
2025-12-01,BUKIT BATOK,49.1
2025-06-01,BISHAN,22.62
2025-07-01,BISHAN,26.62
2025-08-01,BISHAN,23.01
2025-09-01,BISHAN,19.84
2025-10-01,BISHAN,25.02
2025-11-01,BISHAN,18.02
2025-12-01,BISHAN,22.52
2025-06-01,BEDOK,57.17
2025-07-01,BEDOK,63.77
2025-08-01,BEDOK,65.47
2025-09-01,BEDOK,52.28
2025-10-01,BEDOK,49.45
2025-11-01,BEDOK,41.77
2025-12-01,BEDOK,50.18
2025-06-01,ANG MO KIO,48.94
2025-07-01,ANG MO KIO,51.14
2025-08-01,ANG MO KIO,46.95
2025-09-01,ANG MO KIO,43.53
2025-10-01,ANG MO KIO,43.54
2025-11-01,ANG MO KIO,37.93
2025-12-01,ANG MO KIO,37.55
2025-06-01,GEYLANG,28.76
2025-07-01,GEYLANG,34.21
2025-08-01,GEYLANG,29.5
2025-09-01,GEYLANG,29.06
2025-10-01,GEYLANG,23.93
2025-11-01,GEYLANG,26.59
2025-12-01,GEYLANG,27.04
2025-06-01,BUKIT TIMAH,0.45
2025-07-01,BUKIT TIMAH,2.56
2025-08-01,BUKIT TIMAH,2.84
2025-09-01,BUKIT TIMAH,0.73
2025-10-01,BUKIT TIMAH,0.76
2025-11-01,BUKIT TIMAH,1.06
2025-12-01,BUKIT TIMAH,0.11
2025-06-01,SENGKANG,43.75
2025-07-01,SENGKANG,51.94
2025-08-01,SENGKANG,50.27
2025-09-01,SENGKANG,49.86
2025-10-01,SENGKANG,49.2
2025-11-01,SENGKANG,46.85
2025-12-01,SENGKANG,49.17
2025-06-01,LIM CHU KANG,-2.18
2025-07-01,LIM CHU KANG,-1.9
2025-08-01,LIM CHU KANG,-1.67
2025-09-01,LIM CHU KANG,-1.69
2025-10-01,LIM CHU KANG,-1.83
2025-11-01,LIM CHU KANG,-1.37
2025-12-01,LIM CHU KANG,-1.51
2025-06-01,BUKIT PANJANG,26.38
2025-07-01,BUKIT PANJANG,35.57
2025-08-01,BUKIT PANJANG,30.48
2025-09-01,BUKIT PANJANG,31.21
2025-10-01,BUKIT PANJANG,29.3
2025-11-01,BUKIT PANJANG,30.23
2025-12-01,BUKIT PANJANG,29.34
2025-06-01,PASIR RIS,24.0
2025-07-01,PASIR RIS,31.14
2025-08-01,PASIR RIS,28.93
2025-09-01,PASIR RIS,22.35
2025-10-01,PASIR RIS,22.75
2025-11-01,PASIR RIS,22.82
2025-12-01,PASIR RIS,20.82
2025-06-01,SEMBAWANG,18.22
2025-07-01,SEMBAWANG,28.63
2025-08-01,SEMBAWANG,41.34
2025-09-01,SEMBAWANG,32.6
2025-10-01,SEMBAWANG,32.4
2025-11-01,SEMBAWANG,32.36
2025-12-01,SEMBAWANG,39.07
2025-06-01,PUNGGOL,35.16
2025-07-01,PUNGGOL,45.48
2025-08-01,PUNGGOL,50.38
2025-09-01,PUNGGOL,45.9
2025-10-01,PUNGGOL,47.59
2025-11-01,PUNGGOL,46.19
2025-12-01,PUNGGOL,46.23
